"source_external_id","name","district","address","latitude","longitude","opening_hours","area_sqm","website","image_url"
"H0001","Activ Garden Waiblingen","Waiblingen","Düsseldorfer Str. 18, 71332 Waiblingen","48.8163316652921","9.29914359423437","","","",""
"H0002","b34 Boulderhalle","Beilngries","Bräuhausstraße 34-36, 92339 Beilngries","49.0365755151219","11.4640644613006","","","",""
"H0003","Bambule Kletterhalle","Nürnberg","Industriestraße 21A, 90441 Nürnberg","49.4317666698782","11.0592815095139","","","",""
"H0004","Basislager Bad Aibling","Bad Aibling","Otto-Wels-Straße 8, 83043 Bad Aibling","47.8797433354942","11.9909061663081","","","",""
"H0005","Berta Block Boulderhalle","Berlin","Mühlenstrasse 62, 13187 Berlin","52.5638388681169","13.4099175376379","","","",""
"H0006","Beta Boulderhalle","Hannover","Gertrud-Knebusch-Str. 15, 30167 Hannover","52.3852901965723","9.73252905951298","","","",""
"H0007","Blockhaus Freiburg","Freiburg","Merdinger Weg 6, 79111 Freiburg","47.9941379779711","7.79112487934796","","","",""
"H0008","BLOCKHELDEN Erlangen","Bubenreuth","Kurt-Albert-Straße 1, 91088 Bubenreuth","49.6306729225116","11.0114366653266","","","",""
"H0009","BLOX Boulderhalle Sauerland","Finnentrop","Eibachstraße 3, 57413 Finnentrop","51.1437443542086","7.94851808157782","","","http://www.blox-boulderhalle.de/",""
"H0010","Boulder Base Tabakquartier","Bremen","Am Tabakquartier 14, 28197 Bremen","53.0757945341033","8.77105648219164","","","http://www.boulderbasebremen.de/",""
"H0011","Boulder e.V.","Braunschweig","Westbahnhof 3, 38118 Braunschweig","52.2521013058177","10.5023500071651","","","http://boulder-ev.de/",""
"H0012","Boulderdrome","Dresden/Radebeul","Nach der Schiffsmühle 6, 01445 Dresden/Radebeul","51.1205139025058","13.5920775800381","","","https://www.boulderdrome.de/",""
"H0013","Boulderhalle Prisma","Wuppertal","Vohwinkeler Strasse 119, 42329 Wuppertal","51.2258424815494","7.06136953481302","","","http://boulderhalle-prisma.de/",""
"H0014","Boulderhalle Straubing","Straubing","Alte Ziegelei 16, 94315 Straubing","48.878131774792","12.5642894497533","","","https://www.boulderhalle-straubing.de/",""
"H0015","Boulderhaus Reutlingen","Reutlingen","Schieferstraße 8, 72760 Reutlingen","48.4991275751855","9.19967417969397","","","http://www.boulderhaus.net/",""
"H0016","Boulderkitchen Freiburg","Freiburg","Munzinger Straße 4, 79111 Freiburg","47.9908494498855","7.7952477085231","","","http://freiburg-boulderkitchen.de/",""
"H0017","Boulderplanet","Köln","Oskar-Jäger-Str. 143h, 50825 Köln","50.9451021620992","6.90500540734446","","","https://boulderplanet.de/",""
"H0018","Boulderwelt Dortmund","Dortmund","Brennaborstr. 10, 44149 Dortmund","51.4947525354858","7.37775215118357","","","https://www.boulderwelt-dortmund.de/",""
"H0019","Boulderwelt Frankfurt","Frankfurt am Main","August-Schanz-Straße 50, 60433 Frankfurt am Main","50.164146545487","8.68486914990222","","","http://www.boulderwelt-frankfurt.de/",""
"H0020","Bremerhaven Boulder Club","Bremerhaven","Moltkestraße 13, 27576 Bremerhaven","53.5545237882837","8.57824438104969","","","http://www.bremerhaven-boulderclub.de/",""
"H0021","Café Kraft","Nürnberg","Gebertstrasse 9, 90411 Nürnberg","49.4800572398869","11.1226885505573","","","https://cafekraft.de/",""
"H0022","Campus Boulderhalle","Aachen","Tempelhofer Straße 16, 52068 Aachen","50.7843745963568","6.13020670744533","","","https://campusboulderhalle.de/",""
"H0023","DAV Boulderzentrum Erlangen","Erlangen","Helene-Richter-Straße 5, 91054 Erlangen","49.5929271801364","11.0307537354179","","","https://www.alpenverein-erlangen.de/kletteranlagen/dav-boulderzentrum-erlangen/",""
"H0024","DAV Kletter- und Boulderzentrum München Nord","München","Werner-Heisenberg-Allee 5, 80939 München","48.206942195293","11.6180341108648","","","https://www.kbfreimann.de/",""
"H0025","DAV Kletter- und Boulderzentrum Thalkirchen","München","Thalkirchner Straße 207, 81379 München","48.1070905238249","11.5458362934152","","","https://www.kbthalkirchen.de/",""
"H0026","DAV Kletter- und Boulderzentrum Bad Tölz","Bad Tölz","Am Sportpark 5, 83646 Bad Tölz","47.7594822896929","11.5790057511678","","","https://www.kletterzentrum-badtoelz.de/",""
"H0027","DAV Kletter- und Boulderzentrum Gilching","Gilching","Frühlingstraße 18, 82205 Gilching","48.1014287355636","11.3010715500218","","","https://www.kbgilching.de/",""
"H0028","DAV Kletterzentrum Augsburg","Augsburg","Ilsungstraße 15b, 86161 Augsburg","48.3404862365341","10.9103030207977","","","https://www.dav-kletterzentrum-augsburg.de/",""
"H0029","DAV Kletterzentrum Hamburg","Hamburg","Döhrnstraße 4, 22529 Hamburg","53.5976081496678","9.95322701578647","","","https://www.dav-hamburg.de/kletterzentrum",""
"H0030","Der Kegel","Berlin","Revaler Str. 99, 10245 Berlin","52.5072883388332","13.4545076239344","","","http://www.derkegel.de/",""
"H0031","der steinbock Erlangen","Erlangen","Bierlachweg 45, 91058 Erlangen","49.5745326727588","10.9973588243424","","","http://www.dersteinbock-erlangen.de/",""
"H0032","der steinbock Nürnberg","Nürnberg","Leyher Straße 54, 90431 Nürnberg","49.4511124565521","11.0290818733661","","","http://www.dersteinbock-nuernberg.de/",""
"H0033","der steinbock Zirndorf","Zirndorf","Steinweg 9, 90513 Zirndorf","49.4428957606525","10.959839009138","","","https://www.dersteinbock-zirndorf.de/",""
"H0034","Die Kletterei","Kaufering","Viktor-Frankl-Str. 5a, 86916 Kaufering","48.0802678036043","10.8561818211199","","","https://die-kletterei.de/",""
"H0035","E4 Boulderhalle Nürnberg","Nürnberg","Allersberger Str. 185E, 90461 Nürnberg","49.4346173950468","11.0971595505519","","","https://www.boulderhalle-e4.de/",""
"H0036","einstein Boulderhalle Düsseldorf","Düsseldorf","Lierenfelder Strasse 49, 40231 Düsseldorf","51.2130145193188","6.82163354852833","","","http://duesseldorf.einstein-boulder.com/",""
"H0037","Einstein Boulderhalle Köln","Köln","Widdersdorfer Str. 205, 50825 Köln","50.9450346530001","6.90257019951186","","","https://einstein-boulder-koeln.de/",""
"H0038","einstein boulderhalle München","München","Landsberger Str. 185, 80687 München","48.1407599301769","11.5228210645232","","","http://muenchen.einstein-boulder.com/",""
"H0039","Einstein Boulderhalle Neu-Ulm","Neu-Ulm","Leibnitzstrasse 12, 89321 Neu-Ulm","48.3899302835853","10.0294376074893","","","https://neu-ulm.einstein-boulder.com/",""
"H0040","einstein Boulderhalle Recklinghausen","Recklinghausen","Walkmühlenweg 55, 45661 Recklinghausen","51.581781500926","7.20807295020768","","","http://recklinghausen.einstein-boulder.com/",""
"H0041","Element Boulders Kassel","Kassel","Untere Königsstraße 95, 34117 Kassel","51.3199518240037","9.50065993783236","","","https://kassel.element-boulders.de/start.html",""
"H0042","Element Boulders Essen","Essen","Haedenkampstr. 73, 45143 Essen","51.4553595535292","6.98549066220189","","","https://essen.element-boulders.de/",""
"H0043","Element Boulders Köln City","Köln","Schildergasse 70, 50667 Köln","50.9367516047292","6.95301494887552","","","https://koeln.element-boulders.de/start.html",""
"H0044","Element Boulders München","München","Zielstattstraße 23, 81379 München","48.1021861284547","11.5328781991167","","","https://muenchen.element-boulders.de/start.html",""
"H0045","Felswerk Klettern & Bouldern","Landau in der Pfalz","Albert-Einstein-Straße 6, 76829 Landau in der Pfalz","49.188216875455","8.132893146469","","","https://felswerk-landau.de/",""
"H0046","FLASHH Hamburg","Hamburg","Gasstraße 18, 22761 Hamburg","53.5632335780604","9.91319462445026","","","https://flashh.de/",""
"H0047","Frankenjura Academy","Forchheim","Trettlachstraße 3, 91301 Forchheim","49.7145151111989","11.0940241669283","","","http://www.frankenjura-academy.com/",""
"H0048","Freiraum Basecamp","Andernach","Stadionstraße 77, 56626 Andernach","50.4271425810155","7.42293986627226","","","https://www.freiraum-basecamp.de/",""
"H0049","GriffReich","Hannover","Peiner Straße 28, 30519 Hannover","52.3389649156066","9.7736631349461","","","http://www.griffreich.de/",""
"H0050","HAPIK Bochum","Bochum","Isenbrockstraße 15, 44867 Bochum","51.4682071833796","7.13653607668379","","","https://hapik.de/standorte/bochum?utm_source=google&utm_medium=organic&utm_campaign=mybusiness-website",""
"H0051","HAPIK Frankfurt","Karben","Am Häuserbach 2, 61184 Karben","50.2425821272393","8.74894326812966","","","https://hapik.de/standorte/frankfurt?utm_source=google&utm_medium=organic&utm_campaign=mybusiness-website",""
"H0052","HAPIK Mainz","Mainz","Athener Allee 10, 55129 Mainz","49.9497330156376","8.26476182025554","","","https://hapik.de/standorte/mainz?utm_source=google&utm_medium=organic&utm_campaign=mybusiness-website",""
"H0053","HAPIK Mülheim","Mülheim an der Ruhr","Sandstraße 77, 45473 Mülheim an der Ruhr","51.4357868086422","6.88046049376408","","","https://hapik.de/standorte/mulheim-an-der-ruhr?utm_source=google&utm_medium=organic&utm_campaign=mybusiness-website",""
"H0054","High-east Kletterhalle","Heimstetten","Sonnenallee 2, 85551 Heimstetten","48.523587123479","11.6277208843345","","","https://high-east.de/",""
"H0055","Höhenrausch","Stadthagen","Pillauer Str. 10, 31655 Stadthagen","52.3244821770823","9.19150845635022","","","http://www.hoehenrausch-stadthagen.de/",""
"H0056","K11 Boulderhalle","Köln","Kyllstr. 11, 50678 Köln","50.9156701485392","6.96393169330945","","","http://www.k11-koeln.de/",""
"H0057","Kletter & Boulderhalle Rosenheim","Stephanskirchen","Finsterwalderstraße 4, 83071 Stephanskirchen","47.8475007449698","12.1654441260512","","","http://www.kletterhalle-rosenheim.de/",""
"H0058","Kletter- und Boulderzentrum Weyarn","Weyarn","Am Weiglfeld 30, 83629 Weyarn","47.8657235028111","11.7897777459836","","","http://www.kletterz.de/",""
"H0059","KletterBar Kiel","Melsdorf","Otto-Flath-Straße 7, 24109 Melsdorf","54.3094035485407","10.031130778892","","","http://www.kletterbar-kiel.de/",""
"H0060","Kletterhalle Bergwerk","Dortmund","Emscherallee 33, 44369 Dortmund","51.5427367675715","7.4096865632133","","","http://www.kletterhalle-bergwerk.de/",""
"H0061","Kletterkirche","Mönchengladbach","Nicodemstr. 36, 41068 Mönchengladbach","51.195898979719","6.41131512378289","","","http://www.kletterkirche.de/",""
"H0062","Kletterturm Peak 17","Kaiserslautern","Paul-Ehrlich-Straße 17a, 67663 Kaiserslautern","49.4271831297349","7.7537433909437","","","https://zsgw.rptu.de/unisport/peak-17-kletterturm",""
"H0063","Kletterwelt Sauerland","Altena","Rosmarter Allee 12, 58762 Altena","51.2478115886897","7.68994473899491","","","https://www.kletterwelt-sauerland.de/",""
"H0064","Kletterzentrum Nordhessen","Kassel","Johanna-Waescher-Str. 4, 34131 Kassel","51.3064479956064","9.44758534011164","","","https://kletterzentrum-nordhessen.de/",""
"H0065","Oldenbloc","Oldenburg","Melkbrink 76, 26121 Oldenburg","53.1572175755935","8.20108229471699","","","http://www.oldenbloc.de/",""
"H0066","Onyx Boulderspot Leipzig","Leipzig","Franz-Flemming-Straße 35, 4179 Leipzig","51.3468939794019","12.3051663230121","","","http://www.onyx-leipzig.de/",""
"H0067","Ostbloc Boulderhalle","Berlin","Hauptstraße 13, 10317 Berlin","52.4914191566675","13.4884050680727","","","https://www.ostbloc.de/",""
"H0068","Plan B Boulderhalle","Jena","Carl-Pulfrich-Straße 4, 7745 Jena","50.9209344328859","11.5726933774366","","","http://www.planb-jena.de/",""
"H0069","Rocks","Jena","Fritz-Winkler-Straße 3, 7743 Jena","50.940172204998","11.5997062327583","","","https://www.rocks-jena.de/",""
"H0070","RoXx Kletterzentrum","Göttingen","Sprangerweg 2, 37075 Göttingen","51.5505566153403","9.95300369454614","","","https://my.sport.uni-goettingen.de/roxx/",""
"H0071","Schwerkraft Boulderhalle","Ingolstadt","Marie-Curie-Straße 10, 85055 Ingolstadt","48.7831368539917","11.4729427968105","","","http://www.boulderhalle-ingolstadt.de/",""
"H0072","Sport Schindele Alpin Base","Memmingen","Allgäuer Straße 24, 87700 Memmingen","47.9748564095378","10.1821820930388","","","https://boulderhalle-memmingen.de/",""
"H0073","Steil Boulderhalle","Karlsruhe","Hardeckstraße 8, 76185 Karlsruhe","48.9990763761521","8.36175777103927","","","https://boulderhalle-steil.com/",""
"H0074","Studio Bloc Mannheim","Mannheim","Christian-Friedrich-Schwan-Straße 14, 68167 Mannheim","49.4966505363098","8.50323755549958","","","https://www.studiobloc.de/",""
"H0075","Studio Bloc Pfungstadt","Pfungstadt","Gottlieb-Daimler-Straße 6, 64319 Pfungstadt","49.8152872667813","8.61177206240082","","","http://www.studiobloc.de/",""
"H0076","Studio Bloc Wiesbaden","Wiesbaden","Holzstraße 11, 65197 Wiesbaden","50.0748267392696","8.20770969627572","","","https://www.studiobloc.de/",""
"H0077","Stuntwerk Köln Zollstock","Köln","Weyerstraßerweg 10A, 50969 Köln","50.9182287438409","6.93993920701072","","","https://stuntwerk-koeln-zollstock.de/",""
"H0078","Stuntwerk Köln-Mülheim","Köln","Schanzenstr. 6-20, 51063 Köln","50.965710344472","7.01329260499728","","","https://www.stuntwerk-koeln-muelheim.de/",""
"H0079","Stuntwerk Krefeld","Krefeld","Weyerhofstr. 50, 47803 Krefeld","51.3449076398577","6.54503825330779","","","https://stuntwerk-krefeld.de/",""
"H0080","Stuntwerk Rosenheim","Rosenheim","Grubholzerstraße 12, 83026 Rosenheim","47.8501784036205","12.0906660026606","","","http://www.stuntwerk-rosenheim.de/",""
"H0081","Stuntwerk Troisdorf","Troisdorf","Kölner Str. 2, 53840 Troisdorf","50.8143206779054","7.16333802335839","","","http://www.stuntwerk-troisdorf.de/",""
"H0082","Südbloc","Berlin","Großbeerenstraße 4, 12107 Berlin","52.4400507888843","13.3796306075663","","","https://www.xn--sdbloc-3ya.de/",""
"H0083","Superblock Boulderhalle","Düsseldorf","Fichtenstraße 53, 40233 Düsseldorf","51.2141129940746","6.81253165037456","","","http://www.superblock.nrw/",""
"H0084","TOP Boulder Malmsheim","Renningen","Perouser Str. 76, 71272 Renningen","48.7794045353786","8.9069333136185","","","http://topboulder.com/",""
"H0085","urban apes Hamburg Ost","Hamburg","Wandsbeker Zollstraße 87-89, 22041 Hamburg","53.5774041073494","10.0800816487417","","","https://www.urbanapes.de/hamburg-ost/",""
"H0086","Wiesbadener Nordwand","Wiesbaden","Hagenauer Strasse 49, 65203 Wiesbaden","50.0498914374724","8.21464480649241","","","https://wiesbadener-nordwand.de/",""
"H0087","Zenit Boulderhalle Osnabrück","Osnabrück","Dammstraße 2, 49084 Osnabrück","52.2683507879415","8.05922635241606","","","https://www.zenit-klettern.de/",""
"H0088","Boulderhaus Heidelberg","Heidelberg","Im Bosseldorn 25-1, 69126 Heidelberg","49.3864012723306","8.67909193244327","","","http://www.boulderhaus.net/",""
"H0089","Boulderhaus Mannheim","Mannheim","Abraham-Lincoln-Allee 3, 68309 Mannheim","49.5183435820649","8.53501433541107","","","http://www.boulderhaus.net/",""
"H0090","Boulder Island","Mannheim","Industriestraße 39, 68169 Mannheim","49.5137021929271","8.46947503766074","","","https://boulder-island.de/",""
"H0091","Boulderhaus Darmstadt","Darmstadt- Nord","Landwehrstraße 75, 64293 Darmstadt- Nord","49.8798686570887","8.63766724981547","","","http://www.boulderhaus.de/",""
"H0092","Boulderwelt München Ost","München","Hanne-Hiob-Straße 4, 81671 München","48.1260008243273","11.6119949204705","","","http://www.boulderwelt-muenchen-ost.de/",""
"H0093","Greifbar Boulderhalle","Friedrichshafen","Anton- Sommer- Straße 8, 88046 Friedrichshafen","47.6525767517594","9.50315429060695","","","https://greifbar-bouldern.de/",""
"H0094","Bouldering climbing wall Lindau","Lindau","Uferweg 3, 88131 Lindau","47.5523568509268","9.67843359272015","","","",""
"H0095","Der Steinbock Konstanz","Konstanz","August-Borsig-Straße 20, 78467 Konstanz","47.6829799785012","9.14382575667359","","","http://www.dersteinbock-konstanz.de/",""
"H0096","Kletterwerk Radolfzell","Radolfzell","Werner-Messmer-Straße 12, 78315 Radolfzell","47.7531447114747","8.97190942870641","","","http://www.kletterwerk.de/",""
"H0097","blocwald boulderzentrum VS","Villingen- Schwenningen","Am Klosterhof 5, 78052 Villingen- Schwenningen","48.076896486846","8.49378125267045","","","https://www.blocwald.de/",""
"H0098","UPJOY Boulderhalle Hauptwerk","Villingen- Schwenningen","Wilhelm-Binder-Straße 15, 78048 Villingen- Schwenningen","48.0669479481323","8.45702643739923","","","https://upjoy.de/",""
"H0099","Kletteranlage Litte Rock","Tuttlingen","Werderstraße 15, 78532 Tuttlingen","47.9978582425189","8.80534418523332","","","https://www.dav-tuttlingen.de/kletteranlage",""
"H0100","K5 - DAV Kletterzentrum","Rottweil","Stadionstraße 60, 78628 Rottweil","48.1855421548074","8.72115386602229","","","https://www.dav-obererneckar.de/K5%20Kletterzentrum",""
"H0101","Dolomiti- BoulderBOX","Albstadt- Tailfingen","Vogelsangstraße 41, 72461 Albstadt- Tailfingen","48.2822862336963","9.00034328291275","","","http://www.dolomiti-boulderbox.de/",""
"H0102","Rainbow Rocket Boulders","Kempten","Reinhartser Str. 5, 87437 Kempten","47.7858201660389","10.3138857775187","","","http://www.rainbowrocket-boulders.de/",""
"H0103","Kraftwerk Climbing","Biessenhofen","Kreener Str. 14, 87640 Biessenhofen","47.8520835281232","10.6468459930657","","","https://kraftwerk-climbing.com/",""
"H0104","Boulderwelt München Süd","Brunnthal","Eugen-Sänger-Ring 4, 85649 Brunnthal","48.0638752179677","11.8514699866295","","","https://www.boulderwelt-muenchen-sued.de/",""
"H0105","Riesige Rose - öffentliche boulderpassage","München","Rosenheimer Str., 81669 München","48.1220116094897","11.6282444891395","","","http://www.kraxlkollektiv.de/",""
"H0106","Heavens Gate Klettern & Bouldern","München","Speicherstraße 21, 81671 München","48.1307483602663","11.6062020773363","","","https://www.heavensgate-muc.de/",""
"H0107","The Boulder Room","München","Arnuflstraße 195, 80634 München","48.1525510755764","11.5245274672341","","","https://theboulderroom.com/",""
"H0108","Boulderwelt München West","München","Bertha-Kipfmüller-Straße 19, 81249 München","48.1423578190294","11.4417401880977","","","http://www.boulderwelt-muenchen-west.de/",""
"H0109","The Rock Kletterhalle","Karlsruhe","Ziegelstraße 1, 76185 Karlsruhe","49.0169681601272","8.35917731861359","","","http://www.kletterhalle-karlsruhe.de/",""
"H0110","Boulderwelt Karlsruhe","Karlsruhe","Karlstraße 14, 76133 Karlsruhe","49.0214552078387","8.39352450743873","","","https://www.boulderwelt-karlsruhe.de/",""
"H0111","The Rock Boulderhalle","Karlsruhe","Erlachseeweg 1, 76227 Karlsruhe","48.9934921655685","8.43673214641748","","","http://www.boulderhallekarlsruhe.de/",""
"H0112","DAV Kletter- und Boulderzentrum","Karlsruhe","Am Fächerbad 2, 76131 Karlsruhe","49.0340174265007","8.44988403238228","","","https://www.dav-kletterzentrum-karlsruhe.de/",""
"H0113","DAV-Kletter- und Boulderzentrum","Heidelberg","Harbigweg 20, 69124 Heidelberg","49.3918744662039","8.66578273188179","","","http://kletterzentrum-heidelberg.de/",""
"H0114","Crimp - boulderhalle","Heidelberg","Wieblinger Weg 100, 69123 Heidelberg","49.4154108228987","8.64414306636594","","","https://crimp-heidelberg.com/",""
"H0115","Boulderhalle Neustadt PETZ","Neustadt an der Weinstraße","Europastraße 17, 67433 Neustadt an der Weinstraße","49.3504575257956","8.154614385699","","","https://boulderhalle-neustadt.de/",""
"H0116","Kletterarena (DAV Heilbronn","Heilbronn","Lichtenbergerstraße 17, 74076 Heilbronn","49.1755709015996","9.20814421351459","","","http://www.diekletterarena.de/",""
"H0117","DAV Kletter- und Boulderzentrum Schwaben - Rockerei","Stuttgart- Zuffenhausen","Stammheimer Str. 41, 70435 Stuttgart- Zuffenhausen","48.8415194684581","9.16495465432433","","","http://www.rockerei-stuttgart.de/",""
"H0118","Boulderblock Schelm48","Feuerbach","Leobener Str. 95, 70469 Feuerbach","48.8203922761947","9.15325992220788","","","",""
"H0119","boulderblöckle Stuttgart","Stuttgart","Hauptstätter Str., 70178 Stuttgart","48.7755607087787","9.17459426858373","","","http://bloeckle.rocks/",""
"H0120","DAV Kletterzentrum Stuttgart","Stutgart","Friedrich-Strobel-Weg 3, 70597 Stutgart","48.7569839927496","9.18816728322186","","","http://www.kletterzentrum-stuttgart.de/",""
"H0121","Vels Die Boulderhalle in Stuttgart","Stuttgart","Handwerkstraße 21, 70565 Stuttgart","48.7262680386961","9.15608764210376","","","https://vels-stuttgart.de/",""
"H0122","Roccadion - Klettern und Bouldern in Böblingen","Böblingen","Silberweg 22, 71032 Böblingen","48.7049885831913","9.02248226378071","","","http://roccadion.de/",""
"H0123","Rox Boulder- und Kletterzentrum","Herrenberg-Gültstein","Ohmstraße 6, 71083 Herrenberg-Gültstein","48.5904362457689","8.89748497585454","","","http://rox-herrenberg.de/",""
"H0124-1","Griffwerk","Ludwigsburg","Fuchshofstraße 66, 71638 Ludwigsburg","48.9033253910944","9.21206176263453","","","https://griffwerk-klettern.de/",""
"H0125-1","Freiluft- Boulderanlage","Kernen im Remstal","Talstraße, 71394 Kernen im Remstal","48.7923058210831","9.3390809082627","","","",""
"H0126-1","TOP Boulder Kirchheim","Kirchheim unter Teck","Stuttgarter Str. 47, 73230 Kirchheim unter Teck","48.6622802052734","9.4388654926475","","","http://www.topboulder.de/",""
"H0127-1","Active Garden Korb","Korb","Maybachstraße 12, 71404 Korb","48.8482702199312","9.36633591466403","","","https://active-garden.de/",""
"H0128-1","Boulderanlage im Sport und Erlebnispark","Allmersbach im Tal","Schorndorfer Str. 70, 71573 Allmersbach im Tal","48.9122675999304","9.47571092981588","","","https://www.8block.de/",""
"H0129-1","sparkassendome DAV Kletterwelt","Neu-Ulm","Nelsonallee 17, 89231 Neu-Ulm","48.3950390462378","10.0154302156161","","","http://www.sparkassendome.de/",""
"H0130-1","einstein - Klettern in der Boulderhalle Ulm","Ulm","Blaubeurer Str. 100, 89077 Ulm","48.4053328279902","9.96184840742718","","","https://ulm.einstein-boulder.com/",""
"H0131-1","Stuntwerk Senden","Senden","Berliner Str. 25, 89250 Senden","48.3389104751043","10.0348893747033","","","https://www.stuntwerk-senden.de/",""
"H0132-1","GriffKiste Boulderhalle Mittelbiberach","Mittelbiberach","Ziegeleistraße 37, 88441 Mittelbiberach","48.1003690192269","9.76140476759444","","","https://www.griffkiste.com/",""
"H0133-1","Sparkassen Dome Biberach - DAV Kletterzentrum","Biberach an der Riß","Hans-Liebherr-Straße 17, 88400 Biberach an der Riß","48.1007179721346","9.80180605915805","","","http://www.sparkassen-dome-biberach.de/",""
"H0134-1","Extrem Kletterzentrum","Ludwigshafen","Saarburger Str. 25, 67071 Ludwigshafen","49.4945794141322","8.40517007867321","","","http://www.kletterzentrum.de/",""
"H0135-1","Pfalz Rock Kletterzentrum","Frankenthal","Mörscher Str. 89, 67227 Frankenthal","49.5485497899186","8.36338174131795","","","https://pfalz-rock.de/",""
"H0136-1","DAV Kletterzentrum","Kaiserslautern","Ludwig-Thoma-Straße 1, 67663 Kaiserslautern","49.4308507786244","7.75603090357152","","","https://www.kletterzentrum-kl.de/",""
"H0124-2","Rock INN Boulderhalle","Würzburg","Ohmstraße 6, 97076 Würzburg","49.8088236717302","9.97027909830855","","","https://www.rockinn-wuerzburg.de/",""
"H0125-2","DAV Kletterzentrum Würzburg","Würzburg","Weißenburgstraße 55, 97082 Würzburg","49.8066679971421","9.90083134581214","","","https://www.dav-wuerzburg.de/kletterzentrum-wuerzburg",""
"H0126-2","DAV Kletterzentrum Schweinfurt","Schweinfurt","Albin-Kitzinger-Straße 1, 97422 Schweinfurt","50.09800854709","10.4450748776048","","","http://www.kletterzentrum-schweinfurt.de/",""
"H0127-2","Kletterhalle Wimar","Weimar","Kromsdorfer Str. 11, 99427 Weimar","51.0050546433915","11.343046118591","","","http://www.kletterhalle-weimar.de/",""
"H0128-2","Block'n' Roll Pure Climbing e.V.","Weimar","Am Alten Speicher 7, 99427 Weimar","51.0055000344659","11.3258630363218","","","http://blockandroll.de/",""
"H0129-2","Blockpark","Erfurt","Motzstraße 8, 99094 Erfurt","50.9639909748897","11.0147369899553","","","http://www.blockpark.de/",""
"H0130-2","Kletterhalle Nordwand Erfurt","Erfurt","Mittelhäuser Str. 75, 99089 Erfurt","51.0110793460865","11.0193896071408","","","https://www.nordwand-erfurt.de/",""
"H0131-2","Monolith Boulderhalle Münster","Münster","Eulerstraße 2, 48155 Münster","51.9473374985196","7.67038164728641","","","http://monolith-boulderhalle.de/",""
"H0132-2","KletterBar Münster Gmbh","Münster","Grevener Str. 125b, 48159 Münster","51.9927434049812","7.60271641488292","","","https://kletterbar-muenster.de/",""
"H0133-2","boulder factory GbR Münster Boulderhalle","Münster","Rudolf-Diesel-Straße 45, 48157 Münster","52.002728144348","7.66572413168022","","","http://www.boulderfactory.de/",""
"H0134-2","BlocBuster Kletterhalle Paderborn","Paderborn","Schulze-Delitzsch-Straße 17, 33100 Paderborn","51.7524072677194","8.77168657592498","","","https://blocbuster.net/",""
"H0135-2","Gravidrom Lippstadt","Lippstadt","Erwitter Str. 159, 59557 Lippstadt","51.6857012075539","8.34553608878208","","","http://www.gravidrom.de/",""
"H0136-2","High Out Boulderhalle","Delbrück- Westenholz","Am Grubebach 17, 33129 Delbrück- Westenholz","51.800572186573","8.47685936914576","","","http://highout.de/",""
"H0137","Center of Gravity Boulderhalle","Bielefeld","Heidegrundweg 104-108, 33689 Bielefeld","51.9711945120572","8.55433605977592","","","http://www.center-of-gravity-boulderhalle.de/",""
"H0138","DAV Alpinzentrum Bielefeld","Bielefeld","Meisenstraße 65A, 33607 Bielefeld","52.0294544340107","8.57376938459099","","","http://alpinzentrum-bielefeld.de/",""
"H0139","Boulderhalle // Bootshaus","Bielefeld","Heeper Str. 364, 33719 Bielefeld","52.0463298120221","8.59033916524352","","","http://www.boulderhallebootshaus.de/",""
"H0140","BlocBuster Kletterhalle Bielefeld","Bielefeld","Herforder str. 265A, 33609 Bielefeld","52.051712188866","8.56270034978439","","","https://bb.blocbuster.net/",""
"H0141","Felsmeister Boulderhalle Bad Oeynhausen","Bad Oeynhausen","Königstraße 45, 32547 Bad Oeynhausen","52.2200153450301","8.83333028893147","","","https://felsmeister.de/",""
"H0142","High moves GmbH Kletterhalle","Bensheim","Albert-Einstein-Allee 8, 64625 Bensheim","49.6757798831208","8.64332253047692","","","http://www.kletterhalle-bensheim.de/",""
"H0143","Boulderwand am Regionalpark Besucherzentrum","Flörsheim am Main","Flakweg 76, 65439 Flörsheim am Main","50.0672898446291","8.44363578311677","","","http://www.regionalpark-rheinmain.de/",""
"H0144","Sportpark kelkheim","Kelkeheim","Mainblick 51A, 65779 Kelkeheim","50.1489419003993","8.49895424099601","","","http://www.sportpark-kelkheim.de/",""
"H0145","KletterBar Offenbach","Offenbach am Main","Sprendlinger Landstraße 177b, 63069 Offenbach am Main","50.1001163570817","8.74683314612115","","","https://kletterbar-offenbach.de/",""
"H0146","Dynochrom Boulderhalle Frankfurt","Frankfurt- Ost","Flinschstraße 45, 60388 Frankfurt- Ost","50.1506374081379","8.73636356923448","","","http://www.dynochrom.com/",""
"H0147","DAV Kletterzentrum Frankfurt","Frankfurt am Main","Homburger Landstraße 283, 60433 Frankfurt am Main","50.1635435778167","8.68634229191357","","","http://www.dav-klz-ffm.de/",""
"H0148","Kletterhalle Camp 4","Zweibrücken","Pariser Str. 24, 66482 Zweibrücken","49.2436833843152","7.40863502888098","","","https://www.campvier.de/",""
"H0149","Boulder Olymp","Bexbach","Kleinottweilerstraße 75, 66450 Bexbach","49.3607971174735","7.27263911920358","","","http://boulderolymp.de/",""
"H0150","KBA Boulderhalle","Saarbrücken","Herrensohrer Wiesen 1, 66125 Saarbrücken","49.2920861898795","7.0636889073258","","","http://www.kba-saar.de/",""
"H0151","Kletterzentrum Saarbrücken","Saarbrücken","Mainzer Str. 30, 66111 Saarbrücken","49.2483601306977","6.99643477781867","","","http://de.kletterzentrum-saarbruecken.de/",""
"H0152","DaDa Boulders","Wadgassen","Provinzialstraße 57, 66787 Wadgassen","49.2841825597229","6.81137621275527","","","https://www.dadaboulders.de/",""
"H0153","Kletterhalle Ensdorf","Ensdorf","Im Sportzentrum, 66806 Ensdorf","49.3305650859985","6.8330246847607","","","https://www.dav-saarbruecken.de/unsere-angebote/kletterhalle/",""
"H0154","Rocklands Kletterzentrum Saarlouis","Saarlouis","St. Nazairer Allee 10, 66740 Saarlouis","49.3369169553001","6.74116805308323","","","http://www.rocklands-climbing.de/",""
"H0155","Eifelblock Trier","Trier","Niederkircher Str. 10, 54294 Trier","49.7312585364898","6.6052917436942","","","http://www.eifelblock.de/",""
"H0156","Kletterhalle Cube Trier","Trier","Diedenhofener Str. 27C, 54294 Trier","49.7325083654668","6.61500202823071","","","https://www.cube-trier.de/",""
"H0157","Blocschokolade -bouldern / backen KG","Trier","Ruwerer Str. 27, 54292 Trier","49.7798302963965","6.7069709267505","","","http://www.blocschokolade.de/",""
"H0158","The Cave - Boulderhalle Wittich","Wittlich","Gottlieb-Daimler-Straße 22, 54516 Wittlich","49.9845640469452","6.90728455224232","","","http://cave-bouldern.de/",""
"H0159","Eifelblock Metternich","Metternich","Rübenacher Str. 104, 56072 Metternich","50.3792099732252","7.57525297385954","","","https://www.eifelblock.de/",""
"H0160","Andres Boulder Club","Aachen","Charlottenstraße 14, 52070 Aachen","50.7747168158373","6.10542260913388","","","http://andres-boulder-club.de/",""
"H0161","diehalle aachen","Aachen","Grüner Weg 22, 52070 Aachen","50.7885396287184","6.1015406715403","","","https://www.diehalle-aachen.de/",""
"H0162","BoulderEck Erftstadt","Erftstadt","Carl-Benz-Ring 2, 50374 Erftstadt","50.7964802623109","6.7832832074835","","","https://www.bouldereck.de/",""
"H0163","BRONX Rock Kletterhalle","Wesseling","Vorgebirgsstr. 5, 50389 Wesseling","50.8147691020477","6.99191175653655","","","http://www.bronxrock.de/",""
"H0164","Boulders Habitat","Bonn","Siemensstraße 20, 53121 Bonn","50.7395990036385","7.07130472924351","","","http://www.bouldershabitat.de/",""
"H0165","Boulders Habitat Beuel","Bonn-Beuel","Paulusstraße 22a, 53227 Bonn-Beuel","50.7400548057318","7.13090470396661","","","http://www.bouldershabitat.de/",""
"H0166","Kletterfabrik Köln","Ehrenfeld","Oskar-Jäger-Str. 173, 50825 Ehrenfeld","50.9486988295727","6.90700579144891","","","https://www.kletterfabrik.koeln/",""
"H0167","Kletterhalle Dellbrück","Mülheim","Waltherstraße 49, 51069 Mülheim","50.9847712654527","7.07398493936189","","","http://kletterhalle-dellbrueck.de/",""
"H0168","Canyon Chorweiler","Chorweiler","Weichselring 6A, 50765 Chorweiler","51.0314515894717","6.89453903080628","","","http://www.canyon-chorweiler.de/",""
"H0169","Bergstation Kletter- und Boulderhalle","Hilden","Bahnhofsallee 35, 40721 Hilden","51.171680076902","6.92241575476599","","","http://bergstation.nrw/",""
"H0170","Monkeyspot Boulderhalle","Düsseldorf","Schiessstraße 52, 40549 Düsseldorf","51.241625294514","6.72298579048925","","","https://monkeyspot.de/startseite-duesseldorf/",""
"H0171","Monkeyspot Boulderhalle","Mönchengladbach","Ohlerkirchweg 39, 41069 Mönchengladbach","51.1872936704856","6.42964094010586","","","https://monkeyspot.de/startseite-moenchengladbach",""
"H0172","Monkeyspot Boulderhalle","Duisburg Süd","Neuenhofstraße 91, 47055 Duisburg Süd","51.3943899704544","6.75002670865203","","","https://monkeyspot.de/startseite-duisburg/",""
"H0173","Stuntwerk Duisburg","Duisburg","Neudorfer Str. 109-113, 47057 Duisburg","51.4287375013721","6.7793516838421","","","https://stuntwerk.de/duisburg/",""
"H0174","einstein Klettern","Duisburg","Essenberger Str. 85, 47059 Duisburg","51.43396428132","6.74281997303474","","","https://duisburg.einstein-boulder.com/",""
"H0175","Kletterzentrum Neoliet Mühlheim","Mühlheim an der Ruhr","Ruhrorter Str. 51, 45478 Mühlheim an der Ruhr","51.4349608699381","6.83697092437809","","","https://www.neoliet.de/neoliet-muelheim/",""
"H0176","Neoliet Boulderbar Essen","Essen","Münchener Str. 106a, 45145 Essen","51.4515468443425","6.98714136203427","","","https://www.neoliet.de/boulderbar-essen/",""
